{
  "loops": [
    {
      "enabled": true,
      "kind": "analog",
      "ai_ch": 1,
      "out_ch": 0,
      "target": 48.0,
      "kp": -3.9999999999999787,
      "ki": 0.0,
      "kd": 0.0,
      "out_min": null,
      "out_max": null,
      "err_min": -2.400000000000001,
      "err_max": 2.400000000000001,
      "i_min": -0.0,
      "i_max": 0.0,
      "src": "tc"
    },
    {
      "enabled": true,
      "kind": "digital",
      "ai_ch": 1,
      "out_ch": 0,
      "target": 50.0,
      "kp": 2.0,
      "ki": 0.20000000000000007,
      "kd": 2.0,
      "out_min": null,
      "out_max": null,
      "err_min": -4.0000000000000036,
      "err_max": 4.0000000000000036,
      "i_min": -4.0000000000000036,
      "i_max": 4.0000000000000036,
      "src": "tc"
    }
  ]
}